use p2g3;

go


INSERT INTO FGC.Equipa VALUES (100000000, 'CLG', 10, 4);
INSERT INTO FGC.Equipa VALUES (200000000, 'Giants', 5, 2);
INSERT INTO FGC.Equipa VALUES (300000000, 'Good8Squad', 8, 6);

INSERT INTO FGC.ProPlayer VALUES (400000000, 'Daigo', 100000, 1, 300000000);
INSERT INTO FGC.ProPlayer VALUES (500000000, 'Punk', 24000, 3, 100000000);
INSERT INTO FGC.ProPlayer VALUES (600000000, 'Vegapatch', 10000, 2, 200000000);

INSERT INTO FGC.PPCharsPlayed VALUES (400000000, 'Ryu');
INSERT INTO FGC.PPCharsPlayed VALUES (400000000, 'Evil Ryu');
INSERT INTO FGC.PPCharsPlayed VALUES (400000000, 'Guile');
INSERT INTO FGC.PPCharsPlayed VALUES (500000000, 'Karin');
INSERT INTO FGC.PPCharsPlayed VALUES (500000000, 'Sol');
INSERT INTO FGC.PPCharsPlayed VALUES (600000000, 'Vega');
INSERT INTO FGC.PPCharsPlayed VALUES (600000000, 'Fang');

INSERT INTO FGC.PPUsername VALUES (400000000, 'The Beast');
INSERT INTO FGC.PPUsername VALUES (500000000, 'Pink');
INSERT INTO FGC.PPUsername VALUES (600000000, 'Vegapatch');

INSERT INTO FGC.Patrocinador VALUES (700000000, 910000000, 'Betano', 'betano@gmail.com');
INSERT INTO FGC.Patrocinador VALUES (800000000, 920000000, 'superbock', 'superbock@gmail.com');
INSERT INTO FGC.Patrocinador VALUES (900000000, 930000000, 'nos', 'nos@gmail.com');

INSERT INTO FGC.Staff VALUES (100000001, 'Joao', 1, 1500);
INSERT INTO FGC.Staff VALUES (100000002, 'Manuel', 2, 700);
INSERT INTO FGC.Staff VALUES (100000003, 'Rita', 3, 700);
INSERT INTO FGC.Staff VALUES (100000004, 'Margarida', 4, 1000);
INSERT INTO FGC.Staff VALUES (100000005, 'Goncalo', 5, 1000);
INSERT INTO FGC.Staff VALUES (100000006, 'Pedro', 6, 1000);
INSERT INTO FGC.Staff VALUES (100000007, 'Joaquim', 7, 1000);
INSERT INTO FGC.Staff VALUES (100000008, 'Henrique', 8, 1000);
INSERT INTO FGC.Staff VALUES (100000009, 'Joana', 9, 1000);
INSERT INTO FGC.Staff VALUES (100000010, 'Alberto', 10, 1500);

INSERT INTO FGC.Limpeza VALUES (100000002);
INSERT INTO FGC.Limpeza VALUES (100000003);

INSERT INTO FGC.Seguranca VALUES (100000004);
INSERT INTO FGC.Seguranca VALUES (100000005);
INSERT INTO FGC.Seguranca VALUES (100000006);
INSERT INTO FGC.Seguranca VALUES (100000007);

INSERT INTO FGC.Comentador VALUES (100000008);
INSERT INTO FGC.Comentador VALUES (100000009);

INSERT INTO FGC.Organizador VALUES (100000010, 'algo123');
INSERT INTO FGC.Organizador VALUES (100000001, 'outro321');

INSERT INTO FGC.EquipaDesenvolvedores VALUES (200000001, 'Capcom', 30);
INSERT INTO FGC.EquipaDesenvolvedores VALUES (200000002, 'NetherRealms', 20);

INSERT INTO FGC.EDJogosDesenvolvidos VALUES (200000001, 'Street Fighter');
INSERT INTO FGC.EDJogosDesenvolvidos VALUES (200000001, 'MvC3');
INSERT INTO FGC.EDJogosDesenvolvidos VALUES (200000001, 'Darkstalkers');
INSERT INTO FGC.EDJogosDesenvolvidos VALUES (200000002, 'Mortal Kombat');

INSERT INTO FGC.FightingGame VALUES ('Street Fighter', 500000, 80000, 100000, 200000001);
INSERT INTO FGC.FightingGame VALUES ('MvC3', 200000, 40000, 50000, 200000001);
INSERT INTO FGC.FightingGame VALUES ('Darkstalkers', 80000, 8000, 20000, 200000001);
INSERT INTO FGC.FightingGame VALUES ('Mortal Kombat', 2000000, 60000, 130000, 200000001);

INSERT INTO FGC.Torneio VALUES ('Evolution', 100000, 500000, 1000000, 1000, 100000001);
INSERT INTO FGC.Torneio VALUES ('Frosty Faustings', 10000, 60000, 25000, 100, 100000001);
INSERT INTO FGC.Torneio VALUES ('Combo Breaker', 30000, 100000, 50000, 300, 100000001);

INSERT INTO FGC.TemEP VALUES (100000000, 700000000, 100000);
INSERT INTO FGC.TemEP VALUES (300000000, 800000000, 50000);

INSERT INTO FGC.TemPP VALUES (400000000, 700000000, 25000);
INSERT INTO FGC.TemPP VALUES (500000000, 900000000, 10000);

INSERT INTO FGC.TemTP VALUES ('Evolution', 900000000, 80000);
INSERT INTO FGC.TemTP VALUES ('Combo Breaker', 800000000, 30000);

INSERT INTO FGC.JogaEm VALUES (400000000, 'Evolution');
INSERT INTO FGC.JogaEm VALUES (400000000, 'Combo Breaker');
INSERT INTO FGC.JogaEm VALUES (500000000, 'Evolution');
INSERT INTO FGC.JogaEm VALUES (600000000, 'Evolution');
INSERT INTO FGC.JogaEm VALUES (600000000, 'Frosty Faustings');

INSERT INTO FGC.Em VALUES ('Evolution', 'Street Fighter');
INSERT INTO FGC.Em VALUES ('Evolution', 'MvC3');
INSERT INTO FGC.Em VALUES ('Evolution', 'Darkstalkers');
INSERT INTO FGC.Em VALUES ('Evolution', 'Mortal Kombat');
INSERT INTO FGC.Em VALUES ('Frosty Faustings', 'Darkstalkers');
INSERT INTO FGC.Em VALUES ('Combo Breaker', 'Street Fighter');
INSERT INTO FGC.Em VALUES ('Combo Breaker', 'Mortal Kombat');

INSERT INTO FGC.Joga VALUES (400000000, 'Street Fighter');
INSERT INTO FGC.Joga VALUES (500000000, 'MvC3');
INSERT INTO FGC.Joga VALUES (500000000, 'Street Fighter');
INSERT INTO FGC.Joga VALUES (500000000, 'Mortal Kombat');
INSERT INTO FGC.Joga VALUES (600000000, 'Street Fighter');
INSERT INTO FGC.Joga VALUES (600000000, 'Darkstalkers');